page_path,title,description,keywords,og_title,og_description,twitter_title,twitter_description,source
/,Free CFA Level 1 Exam Prep 2026 | 2,500+ Questions & Mock Exams,Prepare for CFA Level 1 with 2,500+ free practice questions, mock exams, and flashcards. Instant feedback, detailed explanations. Start your free trial - no credit card required!,free cfa level 1 practice questions cfa level 1 mock exam example cfa level 1 questions cfa level 1 sample questions cfa mock exam free practice cfa level 1 questions cfa level 1 questions with answers cfa level 1 practice test cfa exam sample questions free cfa mock exam,CFA Level 1 Practice Questions & Mock Exams 2026 | AnalystTrainer,Pass CFA Level 1 first time with 2,500+ practice questions realistic mock exams & detailed explanations. Start your free trial today.,CFA Level 1 Practice Questions & Mock Exams 2026,Pass CFA Level 1 with 2,500+ practice questions & mock exams. Start free trial today!,root
/login,Login | AnalystTrainer,,,,,,,,explicit
/signup,Sign Up | AnalystTrainer,,,,,,,,explicit
/forgot-password,Reset Password | AnalystTrainer,,,,,,,,explicit
/pricing,Pricing - CFA Level 1 Question Bank | AnalystTrainer,Simple transparent pricing for CFA Level 1 exam prep. From £50 for lifetime access to 2,500+ practice questions. 30-day money-back guarantee. Get started today.,,,,,,explicit
/question-bank,CFA Level 1 Question Bank 2026 | 2,500+ Practice Questions,Pass CFA Level 1 with 2,500+ practice questions written by charterholders. Detailed explanations for every question. From £50 lifetime access.,CFA Level 1 questions CFA practice questions CFA question bank CFA Level 1 practice test CFA exam questions,CFA Level 1 Question Bank | 2,500+ Questions,Pass CFA Level 1 with 2,500+ practice questions written by charterholders. Detailed explanations for every question.,,explicit
/flashcards,Free CFA Level 1 Flashcards 2026 | 1,600+ Cards with Spaced Repetition,1,600+ free CFA Level 1 flashcards covering all 10 topics. Uses spaced repetition to help you remember formulas & concepts. 100% free no credit card.,CFA flashcards free CFA flashcards CFA Level 1 flashcards CFA study cards CFA spaced repetition CFA formula flashcards,Free CFA Level 1 Flashcards 2026 | 1,600+ Cards,1,600+ free CFA Level 1 flashcards with spaced repetition. Master formulas and key concepts. 100% free.,,explicit
/daily-question,Free CFA Question of the Day | Daily CFA Level 1 Practice,Get a free CFA Level 1 practice question delivered to your inbox every morning. Build exam readiness one question at a time. Join 5,000+ candidates.,CFA question of the day daily CFA question free CFA practice CFA Level 1 daily question CFA email course,Free CFA Question of the Day | AnalystTrainer,One CFA Level 1 question every morning with detailed explanations. 100% free.,,explicit
/daily-question/archive,CFA Question of the Day Archive 2026 | Past QOTD with Explanations,Browse our archive of 100+ CFA Question of the Day past questions with full explanations. Practice daily questions covering all 10 CFA Level 1 topics.,cfa question of the day archive cfa qotd past questions cfa daily question cfa question of the day email cfa practice questions archive,CFA Question of the Day Archive,100+ past CFA Questions of the Day with full explanations. Practice daily questions for free.,,explicit
/help,Help Center | AnalystTrainer,Get help with AnalystTrainer. FAQs about CFA Level 1 practice questions mock exams subscriptions and account management.,,,,,,explicit
/contact,Contact Us | AnalystTrainer - CFA Level 1 Support,Get in touch with AnalystTrainer support team. We are here to help with any questions about our CFA Level 1 practice questions and mock exams.,,,,,,explicit
/about,About AnalystTrainer | CFA Level 1 Exam Prep,AnalystTrainer helps candidates pass CFA Level 1 with 2,500+ practice questions & mock exams. Written by CFA charterholders. From £50 lifetime.,,About AnalystTrainer | CFA Level 1 Exam Prep,AnalystTrainer helps candidates pass CFA Level 1 with 2,500+ practice questions & mock exams. Written by CFA charterholders.,,explicit
/privacy,Privacy Policy | AnalystTrainer,AnalystTrainer privacy policy. Learn how we protect your data and personal information.,,,,,,explicit
/terms,Terms of Service | AnalystTrainer,AnalystTrainer terms of service. Read our terms and conditions for using the CFA Level 1 exam prep platform.,,,,,,explicit
/formula-sheet,Free CFA Level 1 Formula Sheet PDF | 100+ Formulas,Download our free CFA Level 1 formula sheet with 100+ essential formulas organized by topic. Print-ready PDF updated for 2026. No credit card required.,CFA formula sheet CFA Level 1 formulas CFA cheat sheet CFA formulas PDF free CFA formulas CFA Level 1 formula PDF,Free CFA Level 1 Formula Sheet | 100+ Essential Formulas,Download our free formula sheet with 100+ CFA Level 1 formulas. Organized by topic print-ready PDF.,,explicit
/formula-sheets,CFA Level 1 Formula Sheets 2026 | Free PDF Download,Free CFA Level 1 formula sheets covering all 10 topics. Essential formulas for Quant FRA Fixed Income & more. Download PDF or study online.,CFA formula sheet CFA Level 1 formulas CFA cheat sheet CFA formula PDF CFA Level 1 equations,CFA Level 1 Formula Sheets | Free Download,Free CFA Level 1 formula sheets covering all 10 topics. Essential formulas for Quant FRA Fixed Income & more.,,explicit
/try-free,Try Free Demo | CFA Level 1 Practice Questions,Try 15 free CFA Level 1 practice questions. Experience our detailed explanations exam tips and step-by-step solutions. No signup required.,,,Try Free CFA Level 1 Questions | AnalystTrainer Demo,Try 15 free CFA Level 1 practice questions with detailed explanations. No signup required.,,explicit
/refund,CFA Exam Refund Policy 2026 | Get Your Money Back Guide,Complete CFA exam refund guide. Learn refund deadlines requirements and how to request your money back. Updated for 2026 exam windows. 7-day guarantee.,,,,,,explicit
/mock-exams,CFA Level 1 Mock Exams 2026 | Realistic 180-Question Practice Tests,Realistic CFA Level 1 mock exams with 180 questions each. Exam-weighted by topic. Timed practice with detailed score analysis. From £50 lifetime.,CFA mock exam CFA Level 1 mock test CFA practice exam CFA Level 1 practice test CFA exam simulation,CFA Level 1 Mock Exams | 180-Question Practice Tests,Realistic CFA Level 1 mock exams with 180 questions each. Exam-weighted by topic. Timed practice with detailed score analysis.,,explicit
/topics,CFA Level 1 Topics 2026 | All 10 Exam Areas Explained,Study all 10 CFA Level 1 topics with 45 subtopics and 300+ learning outcomes. Free practice questions for each topic. Start studying today.,CFA Level 1 topics CFA curriculum 2026 CFA study guide CFA exam topics CFA Level 1 syllabus ethics CFA quantitative methods CFA financial statement analysis CFA,CFA Level 1 Topics 2026 | All 10 Exam Areas Explained,Master all 10 CFA Level 1 topic areas with practice questions and study guides. Ethics Quant Economics FSA and more.,,explicit
/topics/[slug],{topic.name} CFA Level 1 Questions | {topic.questionCount}+ Free Practice,{dynamic - generated per topic} - inherits template,CFA Level 1 {topic.name} questions,{dynamic - generated per topic},,inherited
/compare,AnalystTrainer vs AnalystPrep: CFA Prep Comparison 2026,Compare AnalystTrainer and AnalystPrep for CFA Level 1. Features pricing and which is better for you.,analystprep analyst prep login cfa prep comparison,,,,explicit
/blog,CFA Level 1 Blog | Study Tips & Exam Strategies 2026,Free CFA Level 1 study tips exam strategies and topic guides written by charterholders. Learn how to pass CFA Level 1 on your first attempt.,cfa exam blog cfa study tips cfa level 1 advice how to pass cfa level 1 cfa exam strategies cfa preparation tips,CFA Level 1 Blog | Free Study Tips & Exam Strategies,Free CFA Level 1 study tips and exam strategies written by charterholders. Updated for 2026.,,explicit
/cfa-level-1-ethics-questions,CFA Level 1 Ethics Practice Questions (2026) | Free Ethics Scenarios,Practice 300+ CFA Level 1 Ethics questions with detailed explanations. Includes Code of Ethics Standards I-VII and GIPS scenarios. Free trial available.,cfa level 1 ethics practice questions cfa ethics scenarios cfa ethics questions free cfa level 1 ethics sample questions cfa code and standards practice,CFA Level 1 Ethics Practice Questions (2026),300+ ethics practice questions for CFA Level 1. Master the Code of Ethics and Standards of Professional Conduct.,,explicit
/cfa-level-1-mock-exam,CFA Level 1 Mock Exam 2026 | 180 Questions + Answers,Take a full CFA Level 1 mock exam. 180 questions 4.5 hours instant scoring & detailed answers. Matches real exam format. Sign up for access.,cfa level 1 mock exam cfa level 1 mock test cfa level 1 practice exam mock test for cfa level 1 cfa practice test level 1 cfa level 1 mock questions cfa exam practice questions cfa level 1 full exam,CFA Level 1 Mock Exam 2026 | 180 Questions,Full-length CFA Level 1 mock exam. 180 questions instant results detailed explanations.,,explicit
/free-cfa-questions,Try 15 Free CFA Questions (2026) - No Signup Required,Try 15 FREE CFA Level 1 practice questions instantly. No signup no credit card. Written by charterholders with detailed explanations. Start now.,free CFA questions free CFA Level 1 practice questions free CFA practice test CFA questions free CFA Level 1 free questions CFA sample questions free try CFA questions,Try 15 Free CFA Questions (2026) - No Signup Required,Try 15 FREE CFA Level 1 demo questions. No signup needed. Start practising in 10 seconds.,,explicit
/cfa-level-1-practice-questions,2,500+ CFA Level 1 Questions 2026 | With Answers,Master CFA Level 1 with 2,500+ practice questions covering all 10 topics. Detailed explanations instant feedback track your progress. Sign up to access.,cfa level 1 practice questions cfa level 1 sample questions cfa level 1 questions with answers cfa practice questions level 1 cfa level 1 exam questions cfa question bank practice cfa level 1 questions,2,500+ CFA Level 1 Practice Questions 2026,2,500+ practice questions covering all 10 CFA Level 1 topics. Detailed explanations instant feedback.,,explicit
/dashboard,,,,,,,,,inherited
/settings,,,,,,,,,inherited
/practice,,,,,,,,,inherited
/practice/[categoryId],,,,,,,,inherited
/practice/session,,,,,,,,,inherited
/practice/mock-exam,,,,,,,,,inherited
/checkout/success,,,,,,,,,inherited
/checkout/cancel,,,,,,,,,inherited
/flashcards/study/[deckId],,,,,,,,inherited
/blog/[slug],,,,,,,,inherited
/compare/cfa-vs-frm,,,,,,,,,inherited
/admin/blog,,,,,,,,,inherited
/admin/blog/posts,,,,,,,,,inherited
/admin/blog/posts/[id],,,,,,,,inherited
/admin/blog/generate,,,,,,,,,inherited
/admin/dashboard,,,,,,,,,inherited
/admin/login,,,,,,,,,inherited
/admin/users,,,,,,,,,inherited
/admin/users/[id],,,,,,,,,,inherited
/auth/confirm,,,,,,,,,inherited
/verify-email,,,,,,,,,inherited
/disclaimer,,,,,,,,,inherited
/faq,,,,,,,,,inherited
/faq/alternative-investments,,,,,,,,,inherited
/faq/corporate-issuers,,,,,,,,,inherited
/faq/economics,,,,,,,,,inherited
/faq/equity-investments,,,,,,,,,inherited
/faq/ethical-professional-standards,,,,,,,,,inherited
/faq/fixed-income,,,,,,,,,inherited
/faq/portfolio-management,,,,,,,,,inherited
/faq/quantitative-methods,,,,,,,,,inherited
/research-hubs,,,,,,,,,inherited
/topics/alternative-investments,,,,,,,,,inherited
/topics/cfa-level-1-ethics,,,,,,,,,inherited
/topics/corporate-issuers,,,,,,,,,inherited
/topics/derivatives,,,,,,,,,inherited
/topics/economics,,,,,,,,,inherited
/topics/equity-investments,,,,,,,,,inherited
/topics/financial-statement-analysis,,,,,,,,,inherited
/topics/fixed-income,,,,,,,,,inherited
/topics/portfolio-management,,,,,,,,,inherited
/topics/quantitative-methods,,,,,,,,,inherited
/tools/financial-ratios,,,,,,,,,inherited
/tools/portfolio-variance,,,,,,,,,inherited
/tools/study-estimator,,,,,,,,,inherited