URL,Last crawled
http://analysttrainer.com/,2026-04-23
https://analysttrainer.com/,2026-04-23
http://www.analysttrainer.com/,2026-04-06
https://www.analysttrainer.com/compare/cfa-vs-caia,2026-03-18
https://www.analysttrainer.com/compare/cfa-vs-cpa,2026-03-18
https://www.analysttrainer.com/free-questions/derivatives,2026-03-18
https://www.analysttrainer.com/free-questions/fixed-income,2026-03-18
https://www.analysttrainer.com/topics/alternative-investments/alt-features,2026-03-18
https://www.analysttrainer.com/topics/alternative-investments/digital-assets,2026-03-18
https://www.analysttrainer.com/topics/alternative-investments/hedge-funds,2026-03-18
https://www.analysttrainer.com/topics/corporate-issuers/business-models,2026-03-18
https://www.analysttrainer.com/topics/corporate-issuers/corporate-governance,2026-03-18
https://www.analysttrainer.com/topics/corporate-issuers/stakeholders,2026-03-18
https://www.analysttrainer.com/topics/corporate-issuers/working-capital,2026-03-18
https://www.analysttrainer.com/topics/derivatives/arbitrage-replication,2026-03-18
https://www.analysttrainer.com/topics/derivatives/binomial-model,2026-03-18
https://www.analysttrainer.com/topics/derivatives/forward-contingent,2026-03-18
https://www.analysttrainer.com/topics/derivatives/futures-pricing,2026-03-18
https://www.analysttrainer.com/topics/derivatives/options-pricing,2026-03-18
https://www.analysttrainer.com/topics/derivatives/put-call-parity,2026-03-18
https://www.analysttrainer.com/topics/economics/business-cycles,2026-03-18
https://www.analysttrainer.com/topics/economics/firm-market-structures,2026-03-18
https://www.analysttrainer.com/topics/economics/international-trade,2026-03-18
https://www.analysttrainer.com/topics/economics/monetary-policy,2026-03-18
https://www.analysttrainer.com/topics/equity-investments/company-analysis-present,2026-03-18
https://www.analysttrainer.com/topics/equity-investments/company-forecasting,2026-03-18
https://www.analysttrainer.com/topics/equity-investments/market-efficiency,2026-03-18
https://www.analysttrainer.com/topics/equity-investments/market-indexes,2026-03-18
https://www.analysttrainer.com/topics/equity-investments/market-organization,2026-03-18
https://www.analysttrainer.com/topics/ethical-professional-standards/code-standards,2026-03-18
https://www.analysttrainer.com/topics/ethical-professional-standards/guidance-standards,2026-03-18
https://www.analysttrainer.com/topics/financial-statement-analysis/analysis-techniques,2026-03-18
https://www.analysttrainer.com/topics/financial-statement-analysis/cash-flows-1,2026-03-18
https://www.analysttrainer.com/topics/financial-statement-analysis/fs-modeling,2026-03-18
https://www.analysttrainer.com/topics/financial-statement-analysis/inventories,2026-03-18
https://www.analysttrainer.com/topics/financial-statement-analysis/liabilities-equity,2026-03-18
https://www.analysttrainer.com/topics/fixed-income/abs,2026-03-18
https://www.analysttrainer.com/topics/fixed-income/bond-valuation,2026-03-18
https://www.analysttrainer.com/topics/fixed-income/convexity,2026-03-18
https://www.analysttrainer.com/topics/fixed-income/credit-corporate,2026-03-18
https://www.analysttrainer.com/topics/fixed-income/credit-government,2026-03-18
https://www.analysttrainer.com/topics/fixed-income/curve-risk-measures,2026-03-18
https://www.analysttrainer.com/topics/fixed-income/securitization,2026-03-18
https://www.analysttrainer.com/topics/portfolio-management/behavioral-biases,2026-03-18
https://www.analysttrainer.com/topics/portfolio-management/pm-overview,2026-03-18
https://www.analysttrainer.com/topics/portfolio-management/portfolio-risk-return-2,2026-03-18
https://www.analysttrainer.com/topics/quantitative-methods/big-data,2026-03-18
https://www.analysttrainer.com/topics/quantitative-methods/hypothesis-testing,2026-03-18
https://www.analysttrainer.com/topics/quantitative-methods/portfolio-mathematics,2026-03-18
https://www.analysttrainer.com/topics/quantitative-methods/probability-trees,2026-03-18
https://www.analysttrainer.com/topics/quantitative-methods/simulation-methods,2026-03-18
https://www.analysttrainer.com/topics/quantitative-methods/statistical-measures,2026-03-18
https://www.analysttrainer.com/compare/cfa-level-1-vs-level-2,2026-03-18
https://www.analysttrainer.com/free-questions/alternative-investments,2026-03-18
https://www.analysttrainer.com/free-questions/financial-statement-analysis,2026-03-18
https://www.analysttrainer.com/study-guides,2026-03-18
https://www.analysttrainer.com/topics/alternative-investments/natural-resources,2026-03-18
https://www.analysttrainer.com/topics/alternative-investments/private-capital,2026-03-18
https://www.analysttrainer.com/topics/alternative-investments/real-estate-infrastructure,2026-03-18
https://www.analysttrainer.com/topics/corporate-issuers/capital-investments,2026-03-18
https://www.analysttrainer.com/topics/derivatives/derivative-benefits,2026-03-18
https://www.analysttrainer.com/topics/derivatives/swaps-pricing,2026-03-18
https://www.analysttrainer.com/topics/economics/fiscal-policy,2026-03-18
https://www.analysttrainer.com/topics/equity-investments/equity-valuation,2026-03-18
https://www.analysttrainer.com/topics/equity-investments/industry-analysis,2026-03-18
https://www.analysttrainer.com/topics/ethical-professional-standards/ethics-application,2026-03-18
https://www.analysttrainer.com/topics/ethical-professional-standards/ethics-trust,2026-03-18
https://www.analysttrainer.com/topics/ethical-professional-standards/gips-intro,2026-03-18
https://www.analysttrainer.com/topics/financial-statement-analysis/balance-sheets,2026-03-18
https://www.analysttrainer.com/topics/financial-statement-analysis/income-statements,2026-03-18
https://www.analysttrainer.com/topics/financial-statement-analysis/reporting-quality,2026-03-18
https://www.analysttrainer.com/topics/fixed-income/fi-cash-flows,2026-03-18
https://www.analysttrainer.com/topics/fixed-income/yield-measures-floating,2026-03-18
https://www.analysttrainer.com/topics/portfolio-management/portfolio-planning,2026-03-18
https://www.analysttrainer.com/topics/portfolio-management/portfolio-risk-return-1,2026-03-18
https://www.analysttrainer.com/topics/portfolio-management/risk-management,2026-03-18
https://www.analysttrainer.com/topics/quantitative-methods/estimation-inference,2026-03-18
https://www.analysttrainer.com/topics/quantitative-methods/simple-regression,2026-03-18