Top pages,Clicks,Impressions,CTR,Position
https://www.analysttrainer.com/cfa-level-1-mock-exam,45,4265,1.06%,24.98
https://www.analysttrainer.com/cfa-level-1-practice-questions,15,4517,0.33%,39.85
https://www.analysttrainer.com/blog/cfa-level-1-mock-exam-essential-ethics-questions-2026,13,495,2.63%,6.28
https://www.analysttrainer.com/,4,71,5.63%,8.14
https://www.analysttrainer.com/blog/30-essential-ethics-scenarios-cfa-level-1-2026,2,317,0.63%,6.43
https://www.analysttrainer.com/blog/2026-cfa-level-1-quantitative-methods-mock-exam,2,141,1.42%,8.19
https://www.analysttrainer.com/blog/25-essential-ethics-questions-cfa-level-1-2026,2,134,1.49%,7.69
https://www.analysttrainer.com/blog/50-essential-cfa-level-1-economics-questions-2026,2,65,3.08%,12.43
https://www.analysttrainer.com/blog/top-10-cfa-level-1-fixed-income-questions-2026,2,49,4.08%,13.84
https://www.analysttrainer.com/blog/40-essential-cfa-level-1-equity-investment-questions-2026,2,42,4.76%,9.48
https://www.analysttrainer.com/blog/top-7-cfa-level-1-derivatives-questions-2026,2,37,5.41%,9.41
https://www.analysttrainer.com/blog/2026-cfa-level-1-portfolio-management-questions,2,20,10%,9
https://analysttrainer.com/,2,16,12.5%,11.38
https://www.analysttrainer.com/blog/top-5-cfa-level-1-tips-financial-statement-analysis-2026,1,226,0.44%,8.44
https://www.analysttrainer.com/blog/cfa-level-1-study-plan-fixed-income-2026,1,198,0.51%,6.58
https://www.analysttrainer.com/blog/cfa-level-1-study-plan-quantitative-methods-crash-course-2026,1,172,0.58%,9.01
https://www.analysttrainer.com/blog/2026-cfa-level-1-practice-questions-essential-ethics-scenarios,1,100,1%,8.74
https://www.analysttrainer.com/blog/ultimate-cfa-level-1-mock-exam-derivatives-2026,1,79,1.27%,7.52
https://www.analysttrainer.com/blog/2026-cfa-level-1-mock-exam-quantitative-methods-questions,1,73,1.37%,11.52
https://www.analysttrainer.com/blog/top-5-cfa-level-1-financial-statement-analysis-questions-2026,1,53,1.89%,9.3
https://www.analysttrainer.com/blog/30-essential-cfa-level-1-derivatives-questions-2026,1,42,2.38%,8.17
https://www.analysttrainer.com/blog/top-10-cfa-level-1-corporate-issuers-questions-2026,1,38,2.63%,7
https://www.analysttrainer.com/blog/2026-cfa-level-1-practice-questions-equity-valuation,1,36,2.78%,8.5
https://www.analysttrainer.com/topics/cfa-level-1-ethics,1,29,3.45%,32.1
https://www.analysttrainer.com/blog/cfa-level-1-mock-exam-fixed-income-questions-2026,1,28,3.57%,11.71
https://www.analysttrainer.com/topics/fixed-income,1,27,3.7%,11.22
https://www.analysttrainer.com/blog/cfa-level-1-mock-exam-essential-economics-questions-2026,1,23,4.35%,11.52
https://www.analysttrainer.com/blog/master-balance-sheet-analysis-cfa-level-1,1,22,4.55%,6.64
https://www.analysttrainer.com/blog/2026-cfa-level-1-mock-exam-equity-investment-questions,1,12,8.33%,5.67
https://www.analysttrainer.com/blog/cfa-level-1-question-bank-30-essential-alternative-investments-questions-2026,1,11,9.09%,22.45
https://www.analysttrainer.com/refund,0,484,0%,14.53
https://www.analysttrainer.com/blog/top-10-cfa-level-1-study-guides-2026,0,480,0%,12.26
https://www.analysttrainer.com/blog/cfa-level-1-study-guide-equity-investments-2026,0,322,0%,7.82
https://www.analysttrainer.com/blog/7-proven-tips-pass-cfa-level-1-2026-success-plan,0,313,0%,8.86
https://www.analysttrainer.com/blog/5-proven-cfa-level-1-tips-pass-first-try-2026,0,310,0%,11.69
https://www.analysttrainer.com/blog/master-financial-ratios-cfa-level-1,0,241,0%,8.54
https://www.analysttrainer.com/blog/cfa-level-1-study-plan-financial-statement-analysis-2026,0,161,0%,9.27
https://www.analysttrainer.com/blog/5-secrets-mastering-cfa-level-1-mock-exam-2026,0,153,0%,9.8
https://www.analysttrainer.com/blog/top-cfa-corporate-issuers-questions-2026,0,125,0%,9.1
https://www.analysttrainer.com/topics,0,125,0%,10.62
https://www.analysttrainer.com/blog/unlocking-time-value-of-money-cfa-level-1,0,119,0%,9.54
https://www.analysttrainer.com/blog/5-essential-cfa-l1-mock-exam-tips-portfolio-mgmt-2026,0,115,0%,9.63
https://www.analysttrainer.com/blog/top-5-cfa-l1-mock-exam-strategies-corp-issuers-2026,0,112,0%,7.54
https://www.analysttrainer.com/blog/cfa-level-1-ethics-study-plan-2026,0,108,0%,6.47
https://www.analysttrainer.com/blog/2026-cfa-level-1-study-plan-portfolio-management,0,105,0%,8.27
https://www.analysttrainer.com/blog/7-cfa-level-1-fsa-tips-2026-pass-first-try,0,104,0%,9.59
https://www.analysttrainer.com/blog/2026-guide-cfa-level-1-financial-statement-analysis-questions,0,97,0%,13.65
https://www.analysttrainer.com/blog/2026-cfa-level-1-ethics-success-guide,0,95,0%,8.85
https://www.analysttrainer.com/blog/pass-cfa-level-1-2026-derivatives-tips,0,93,0%,6.52
https://www.analysttrainer.com/blog/cfa-level-1-fixed-income-study-plan-2026,0,86,0%,7.86
https://www.analysttrainer.com/blog/unlock-cfa-level-1-success-essential-ethics-questions-2026,0,86,0%,10.07
https://www.analysttrainer.com/blog/top-5-cfa-level-1-study-plan-tips-portfolio-management-2026,0,83,0%,11.72
https://www.analysttrainer.com/blog/2026-cfa-level-1-master-financial-statement-analysis,0,78,0%,8.73
https://www.analysttrainer.com/topics/financial-statement-analysis,0,78,0%,27.12
https://www.analysttrainer.com/blog/master-valuation-techniques-cfa-level-1,0,76,0%,8.32
https://www.analysttrainer.com/blog/unlock-quantitative-methods-30-cfa-level-1-questions-2026,0,72,0%,10.83
https://www.analysttrainer.com/blog/2026-cfa-level-1-fixed-income-valuation,0,67,0%,7.48
https://www.analysttrainer.com/flashcards,0,64,0%,14.06
https://www.analysttrainer.com/blog/cfa-level-1-study-guide-fixed-income-2026,0,61,0%,8
https://www.analysttrainer.com/blog/cfa-level-1-economics-study-guide-2026,0,61,0%,9.57
https://www.analysttrainer.com/blog/cfa-level-1-study-plan-2026-quantitative-methods,0,54,0%,8.78
https://www.analysttrainer.com/blog/2026-cfa-level-1-study-guide-economics,0,53,0%,6.42
https://www.analysttrainer.com/blog/cfa-level-1-mock-exam-2026-quantitative-methods-practice,0,52,0%,8.67
https://www.analysttrainer.com/blog/30-essential-cfa-level-1-practice-questions-alternative-investments-2026,0,52,0%,11.1
https://www.analysttrainer.com/blog/cfa-level-1-study-plan-ethical-standards-2026,0,51,0%,7.45
https://www.analysttrainer.com/blog/2026-cfa-level-1-study-plan-derivatives,0,50,0%,8.44
https://www.analysttrainer.com/blog/2026-cfa-level-1-mock-exam-equity-valuation,0,49,0%,7.35
https://www.analysttrainer.com/blog/cfa-level-1-study-plan-alternative-investments-2026,0,49,0%,10.18
https://www.analysttrainer.com/blog/30-essential-cfa-level-1-equity-investment-questions-2026,0,43,0%,16.35
https://www.analysttrainer.com/blog/cfa-level-1-study-guide-financial-analysis-2026,0,42,0%,9.48
https://www.analysttrainer.com/blog/cfa-level-1-derivatives-ultimate-guide-2026,0,41,0%,7.78
https://www.analysttrainer.com/blog/mastering-cfa-level-1-ethics-guide,0,40,0%,5
https://www.analysttrainer.com/blog/cfa-level-1-study-plan-alt-investments-2026,0,40,0%,8.78
https://www.analysttrainer.com/blog/beat-cfa-level-1-exam-anxiety-top-strategies,0,40,0%,9.55
https://www.analysttrainer.com/topics/corporate-issuers,0,40,0%,9.93
https://www.analysttrainer.com/blog/2026-cfa-level-1-mock-exam-economics-questions,0,40,0%,12.72
https://www.analysttrainer.com/blog,0,39,0%,9.26
https://www.analysttrainer.com/blog/2026-cfa-level-1-study-guide-essential-tips,0,39,0%,11.28
https://www.analysttrainer.com/blog/7-essential-cfa-level-1-practice-questions-2026,0,39,0%,12.9
https://www.analysttrainer.com/blog/5-essential-cfa-level-1-tips-2026-success,0,38,0%,8.13
https://www.analysttrainer.com/blog/2026-cfa-level-1-mock-exam-ethical-standards,0,38,0%,9.79
https://www.analysttrainer.com/blog/cfa-level-1-study-guide-ethical-principles-2026,0,38,0%,11.03
https://www.analysttrainer.com/blog/cfa-level-1-mock-exam-2026-financial-analysis-questions,0,38,0%,11.55
https://www.analysttrainer.com/blog/ultimate-cfa-level-1-ethics-guide-2026,0,37,0%,7.73
https://www.analysttrainer.com/blog/cfa-level-1-mock-exam-ethical-standards-2026,0,37,0%,9.05
https://www.analysttrainer.com/blog/top-5-cfa-fixed-income-questions-2026,0,35,0%,11.31
https://www.analysttrainer.com/login,0,34,0%,6.56
https://www.analysttrainer.com/blog/30-essential-cfa-level-1-equity-valuation-questions-2026,0,33,0%,6.48
https://www.analysttrainer.com/blog/cfa-level-1-study-guide-corporate-issuers-2026,0,33,0%,9.36
https://www.analysttrainer.com/blog/top-10-cfa-level-1-economics-questions-2026,0,29,0%,11.93
https://www.analysttrainer.com/blog/cfa-level-1-study-plan-portfolio-management-2026,0,28,0%,9.29
https://www.analysttrainer.com/blog/cfa-level-1-study-guide-derivatives-2026,0,27,0%,7.11
https://www.analysttrainer.com/blog/pass-cfa-level-1-portfolio-management-tips-2026,0,26,0%,12.42
https://www.analysttrainer.com/blog/circular-flow-income-cfa-level-1,0,25,0%,8.8
https://www.analysttrainer.com/blog/5-cfa-level-1-tips-derivatives-mastery-2026,0,24,0%,7.04
https://www.analysttrainer.com/blog/top-10-cfa-corporate-issuers-questions-2026,0,24,0%,8.04
https://www.analysttrainer.com/compare,0,23,0%,8.74
https://www.analysttrainer.com/blog/2026-cfa-level-1-mock-exam-alt-investments,0,23,0%,10.74
https://www.analysttrainer.com/blog/2026-cfa-level-1-study-plan-corporate-issuers,0,22,0%,5.95
https://www.analysttrainer.com/blog/5-essential-cfa-level-1-practice-questions-financial-statement-analysis-2026,0,22,0%,10.45
https://www.analysttrainer.com/blog/2026-cfa-level-1-mock-exam-corporate-issuers-scenarios,0,22,0%,11.86
https://www.analysttrainer.com/blog/2026-cfa-level-1-mock-exam-equity-investments,0,22,0%,14.32
https://www.analysttrainer.com/blog/cfa-level-1-practice-questions-economics-2026,0,22,0%,26.14
https://www.analysttrainer.com/blog/2026-cfa-level-1-study-plan-quantitative-methods,0,21,0%,8.52
https://www.analysttrainer.com/blog/master-financial-statement-analysis-cfa-level-1-2026,0,20,0%,9
https://www.analysttrainer.com/blog/master-cfa-quantitative-methods-in-30-days-2026,0,20,0%,10.85
https://www.analysttrainer.com/blog/cfa-level-1-ethics-mock-exam-2026,0,19,0%,10.05
https://www.analysttrainer.com/blog/5-essential-cfa-level-1-study-tips-2026,0,19,0%,10.11
https://www.analysttrainer.com/blog/top-10-cfa-level-1-mock-exam-questions-alternative-investments-2026,0,19,0%,11.53
https://www.analysttrainer.com/blog/cfa-level-1-study-plan-quantitative-methods-accelerator,0,18,0%,9.89
https://www.analysttrainer.com/blog/cfa-level-1-study-plan-2026-equity-investments,0,18,0%,11.39
https://www.analysttrainer.com/blog/top-10-cfa-level-1-ethical-scenarios-2026,0,17,0%,6.18
https://www.analysttrainer.com/blog/cfa-level-1-derivatives-mock-exam-2026,0,17,0%,6.35
https://www.analysttrainer.com/blog/2026-cfa-level-1-study-plan-alternative-investments,0,17,0%,7.59
https://www.analysttrainer.com/blog/cfa-level-1-alternative-investment-qs-2026,0,16,0%,7.31
https://www.analysttrainer.com/blog/pass-cfa-level-1-financial-statement-analysis-tips-2026,0,16,0%,11.94
https://www.analysttrainer.com/signup,0,15,0%,4.6
https://www.analysttrainer.com/blog/top-10-cfa-level-1-ethics-questions-2026,0,15,0%,6.6
https://www.analysttrainer.com/blog/cfa-level-1-study-plan-master-portfolio-management-2026,0,15,0%,9
https://www.analysttrainer.com/daily-question,0,15,0%,9.07
https://www.analysttrainer.com/blog/mastering-statistical-inference-cfa-level-1,0,15,0%,9.33
https://www.analysttrainer.com/blog/40-cfa-level-1-derivatives-questions-2026-exam-prep,0,15,0%,15.73
https://www.analysttrainer.com/help,0,14,0%,6.29
https://www.analysttrainer.com/blog/5-essential-cfa-l1-practice-questions-corporate-issuers-2026,0,14,0%,8.14
https://www.analysttrainer.com/blog/corporate-governance-capital-structure-cfa-level-1,0,13,0%,9.54
https://www.analysttrainer.com/topics/alternative-investments,0,13,0%,11.92
https://www.analysttrainer.com/terms,0,12,0%,3.42
https://www.analysttrainer.com/privacy,0,12,0%,4.42
https://www.analysttrainer.com/free-cfa-questions,0,12,0%,17.5
https://www.analysttrainer.com/about,0,11,0%,3.64
https://www.analysttrainer.com/blog/cfa-level-1-mock-exam-2026-quantitative-methods,0,11,0%,8.36
https://www.analysttrainer.com/blog/master-portfolio-diversification-cfa-level-1,0,10,0%,7.9
https://www.analysttrainer.com/blog/2026-cfa-level-1-mock-exam-economics,0,10,0%,8.1
https://www.analysttrainer.com/blog/5-essential-financial-statement-analysis-questions-cfa-level-1-2026,0,9,0%,7
https://www.analysttrainer.com/blog/25-essential-cfa-level-1-fixed-income-concepts-2026,0,9,0%,7.33
https://www.analysttrainer.com/blog/2026-cfa-level-1-fixed-income-practice-questions,0,9,0%,8.22
https://www.analysttrainer.com/blog/mastering-pooled-investments-cfa-level-1,0,9,0%,8.44
https://www.analysttrainer.com/topics/portfolio-management,0,9,0%,8.44
https://www.analysttrainer.com/blog/cfa-level-1-mock-exam-alt-investments-2026,0,9,0%,9.67
https://www.analysttrainer.com/blog/master-portfolio-management-cfa-level-1-2026,0,8,0%,6.12
https://www.analysttrainer.com/blog/25-cfa-ethical-scenarios-2026-exam-prep,0,8,0%,8.12
https://www.analysttrainer.com/blog/top-5-cfa-corporate-issuers-questions-2026,0,8,0%,15.88
https://www.analysttrainer.com/blog/30-essential-cfa-level-1-fixed-income-questions-2026,0,7,0%,6.29
https://www.analysttrainer.com/blog/cfa-level-1-mock-exam-2026-portfolio-management,0,7,0%,9.57
https://www.analysttrainer.com/blog/ultimate-cfa-level-1-mock-exam-guide-2026,0,6,0%,3.83
https://www.analysttrainer.com/blog/2026-cfa-level-1-question-bank-30-essential-practice-questions,0,6,0%,5.83
https://www.analysttrainer.com/try-free,0,6,0%,6.67
https://www.analysttrainer.com/blog/cfa-level-1-economics-study-plan-2026,0,6,0%,7.67
https://www.analysttrainer.com/blog/cfa-level-1-practice-questions-alternative-investments-2026,0,6,0%,9.83
https://www.analysttrainer.com/blog/cfa-level-1-mock-exam-2026-alternative-investments,0,6,0%,10.17
https://www.analysttrainer.com/topics/economics,0,6,0%,10.83
https://www.analysttrainer.com/blog/ace-cfa-ethics-quick-guide-tips,0,5,0%,8.8
https://www.analysttrainer.com/blog/pass-cfa-level-1-financial-statement-analysis-tips,0,5,0%,21.2
https://www.analysttrainer.com/blog/5-essential-cfa-level-1-practice-questions-2026,0,4,0%,6
https://www.analysttrainer.com/blog/cfa-level-1-mock-exam-economics-scenarios-2026,0,4,0%,6.75
https://www.analysttrainer.com/blog/top-5-cfa-level-1-corporate-issuers-practice-questions-2026,0,4,0%,7.75
https://www.analysttrainer.com/contact,0,4,0%,7.75
https://www.analysttrainer.com/blog/mastering-derivative-pricing-cfa-level-1,0,4,0%,10.25
https://www.analysttrainer.com/blog/cfa-level-1-mock-exam-economics-2026,0,3,0%,5.67
https://www.analysttrainer.com/blog/5-essential-cfa-level-1-tips-derivatives-2026,0,3,0%,7.33
https://www.analysttrainer.com/blog/2026-cfa-level-1-practice-questions-ultimate-prep-guide,0,3,0%,14
https://www.analysttrainer.com/blog/top-10-cfa-level-1-equity-investments-questions-2026,0,2,0%,3
https://www.analysttrainer.com/blog/30-key-terms-cfa-level-1-portfolio-management-2026,0,2,0%,5
https://www.analysttrainer.com/blog/40-essential-quantitative-methods-questions-cfa-l1-2026,0,2,0%,5.5
https://www.analysttrainer.com/blog/2026-cfa-level-1-mock-exam-alternative-investments,0,2,0%,6.5
https://www.analysttrainer.com/topics/derivatives,0,2,0%,19
https://www.analysttrainer.com/blog/2026-cfa-level-1-mock-exam-derivatives,0,1,0%,8
https://www.analysttrainer.com/blog/cfa-level-1-mock-exam-quantitative-methods-2026,0,1,0%,9
https://www.analysttrainer.com/blog/10-tips-cfa-alternative-investments-2026,0,1,0%,10
https://www.analysttrainer.com/blog/25-cfa-level-1-fixed-income-questions-2026,0,1,0%,16