Top queries,Clicks,Impressions,CTR,Position
cfa level 1 free mock test,3,16,18.75%,8.56
cfa level 1 practice questions pdf with answers,2,32,6.25%,61.09
cfa mock exam free,2,31,6.45%,26.29
cfa level 1 question bank 2026,2,19,10.53%,13.89
free cfa level 1 mock exams,1,190,0.53%,27.46
cfa level 1 mock exam free,1,140,0.71%,28.16
free cfa mock exam,1,19,5.26%,14.42
mock exam cfa,1,8,12.5%,34.12
free cfa level 1 mocks,1,3,33.33%,8.67
cfa level 1 exam questions,0,381,0%,51.85
cfa level 1 mock exam,0,280,0%,30.94
cfa level 1 mock test,0,220,0%,28.84
cfa mock exam,0,166,0%,34.81
cfa mock test,0,131,0%,40.34
cfa level 1 questions,0,131,0%,45.85
sample cfa level 1 questions,0,130,0%,47.51
cfa level 1 mock questions,0,128,0%,32.77
cfa level 1 practice questions,0,127,0%,48.33
cfa level 1 question of the day,0,120,0%,35.08
practice cfa level 1 questions,0,120,0%,42.8
cfa level 1 practice exam,0,111,0%,42.29
example cfa level 1 questions,0,102,0%,46.2
free cfa level 1 practice questions,0,97,0%,46.08
cfa exam sample questions level 1,0,97,0%,52.69
cfa level 1 sample questions,0,96,0%,44.75
cfa practice exam level 1,0,91,0%,41.43
cfa level 1 practice test,0,89,0%,41.49
cfa exam question examples,0,85,0%,59.16
cfa level 1 example questions,0,83,0%,46.1
cfa practice questions level 1,0,79,0%,47.05
cfa level 1 test questions,0,71,0%,47.51
cfa level 1 question,0,70,0%,45.73
cfa sample questions,0,69,0%,54.97
cfa level 1 mock exams,0,67,0%,26.99
cfa level one practice questions,0,66,0%,47.15
cfa level 1exam practice questions,0,64,0%,46.25
cfa sample questions level 1,0,61,0%,51.18
cfa level 1 practice questions free,0,59,0%,43.1
cfa 1 practice questions,0,55,0%,43.85
cfa exam questions,0,54,0%,51.98
cfa level 1sample questions with answers,0,53,0%,52.75
cfa questions,0,53,0%,53.94
cfa question of the day,0,51,0%,35.88
cfa l1 practice questions,0,50,0%,42.68
cfa questions level 1,0,47,0%,52.11
cfa level 1 quiz,0,47,0%,56.09
cfa mock exam level 1,0,45,0%,31.64
cfa 1 questions,0,45,0%,44.44
cfa level 1 sample questions with answers,0,42,0%,45.55
cfa level 1 practice,0,41,0%,48.29
cfa example questions,0,38,0%,52.13
cfa exam example questions,0,38,0%,54.97
cfa refund policy,0,37,0%,20.05
mock exams cfa level 1,0,37,0%,30.22
cfa level 1 mock exam with answers pdf,0,37,0%,44.92
cfa exam sample questions,0,37,0%,52.43
cfa exam refund,0,36,0%,18.39
cfa level 1 mock,0,36,0%,33.36
cfa test questions,0,36,0%,55.64
cfa level 1 questions bank free,0,35,0%,41.43
cfa level 1 exam practice questions,0,35,0%,44.86
cfa level 1 mock test free,0,34,0%,14.35
cfa level 1 practice questions pdf with answers free download,0,33,0%,61.58
top resources for cfa candidates 2025 2026,0,32,0%,14.62
cfa mock exams,0,31,0%,35.13
sample cfa questions,0,29,0%,40.34
cfa level 1mock exam pdf,0,29,0%,63.76
question bank cfa level 1,0,28,0%,57.07
top resources for cfa candidates 2026,0,27,0%,12.04
cfa refund,0,27,0%,14.56
cfa refund level 1,0,27,0%,25.81
cfa level 1 refund,0,26,0%,15.27
cfa practice questions,0,26,0%,49.08
cfa level 1 mock exam pdf,0,25,0%,49.24
best cfa study materials 2026 top rated,0,24,0%,16.46
mock test cfa level 1,0,23,0%,29.17
cfa level 1 test,0,22,0%,46.82
cfa level 1 study tips 2026,0,21,0%,12.76
cfa level 1 practice exams,0,20,0%,47.25
cfa practice exam,0,20,0%,49.95
cfa level 1 sample questions 2026,0,18,0%,9.89
cfa 1 mock exam,0,18,0%,31.83
cfa level 1 question paper,0,18,0%,47.72
cfa exam question,0,17,0%,55.18
cfa cancellation refund,0,16,0%,39.12
cfa practice questions level 1 free,0,16,0%,44.94
practice exam cfa level 1,0,16,0%,45.19
cfa level i exam 180 questions 4.5 hours,0,15,0%,7.8
cfa-level-i questions,0,15,0%,55
mock cfa level 1 exam,0,14,0%,31.14
cfa level 2 financial statement analysis,0,14,0%,44.64
cfa practice exams,0,14,0%,49.29
cfa level 1mock exam with answers pdf,0,14,0%,50.71
cfa level i exam format 180 questions 4.5 hours,0,13,0%,5.15
cfa mock exams level 1,0,13,0%,25
cfa level 1 exam mock,0,13,0%,40.62
cfa exam practice questions,0,13,0%,43.38
cfa level 1 exam sample,0,13,0%,45.38
cfa exam sample,0,13,0%,47.23
cfa level 1 sample test,0,13,0%,49.46
cfa level sample questions,0,13,0%,59.08
cfa level 1 exam topics 2026,0,12,0%,6.83
best online courses fixed income investing cfa frm 2026,0,12,0%,19.83
cfa example questions level 1,0,12,0%,45
cfa free mock test,0,11,0%,9
cfa level 1 exam topic weights 2026,0,11,0%,11.45
cfa free mock exam,0,11,0%,19.36
cfa exam 1 practice questions,0,11,0%,46.18
cfa questions sample,0,11,0%,49.18
mock exam cfa level 1,0,10,0%,27.6
equity investment cfa level 1,0,10,0%,46.7
cfa practice question,0,10,0%,47
cfa mock exam 2018,0,10,0%,52.1
free cfa level 1 mock exam,0,9,0%,8.67
cfa level 1 preparation tips 2026,0,9,0%,12.33
cfa exam preparation tips 2026,0,9,0%,13.11
practice questions cfa level 1,0,9,0%,43.67
sample cfa exams,0,9,0%,46.11
cfa exam example question,0,9,0%,53.11
cfa level 1 sample questions 2025 or 2026 free,0,8,0%,9.5
refund cfa,0,8,0%,11.38
cfa level 1 mock test online free,0,8,0%,25.62
cfa institute mock exam,0,8,0%,36.75
cfa level 1 sample exam,0,8,0%,47.88
question bank for cfa level 1,0,8,0%,51.5
cfa level 1 practice quiz,0,8,0%,52.5
cfa level 1 how many questions,0,8,0%,52.75
how many questions cfa level 1,0,8,0%,53.88
cfa simulation,0,8,0%,80.62
cfa level 1 exam topics weights 2026,0,7,0%,5.14
cfa level 1 study plan 2026,0,7,0%,17.14
cfa level 1 flashcards,0,7,0%,28.14
how to prepare for cfa level 1 exam 2026,0,7,0%,35.29
cfa level one questions,0,7,0%,42.14
cfa level 1 sample paper,0,7,0%,46.14
cfa sample paper level 1,0,7,0%,52.86
cfa example question,0,7,0%,53.29
cfa exam question example,0,7,0%,60.43
cfa level 1 equity investments pdf,0,7,0%,68
cfa mock test free,0,6,0%,8.5
cfa level 1 mocks,0,6,0%,31.67
cfa mock,0,6,0%,32
cfa level 1 economics questions,0,6,0%,36.17
cfa question of the day level 1,0,6,0%,39.83
cfa exam level 1 sample questions,0,6,0%,42.17
chartered financial analyst exam questions,0,6,0%,42.67
cfa financial statement analysis,0,6,0%,47
cfa questions example,0,6,0%,49.5
cfa test sample questions,0,6,0%,51.67
cfa level i exam 180 questions two sessions 2 hours 15 minutes,0,5,0%,4.6
"cfa level i topic areas ethical and professional standards quantitative 
methods economics financial statement analysis corporate issuers equity 
investments fixed income derivatives alternative investments portfolio 
management",0,5,0%,7.6
analyst prep login,0,5,0%,8.4
cfa level 1 free mock exam,0,5,0%,8.6
cfa level 1 quantitative methods topics 2026,0,5,0%,11.6
cfa daily question,0,5,0%,14.8
cfa level 1 preparation tips 2025 2026,0,5,0%,16.6
best way to study for cfa level 1 2026,0,5,0%,16.8
top rated cfa study materials 2025 2026,0,5,0%,17.6
cfa level 1 topic weights 2025 2026,0,5,0%,18.8
cfa level 1 topic weights 2025 or 2026,0,5,0%,19.6
cfa flashcards,0,5,0%,26.4
exemple question cfa level 1,0,5,0%,28
cfa mock test level 1,0,5,0%,31.6
cfa mock exam online,0,5,0%,34.4
cfa exam mock,0,5,0%,38.4
cfa question,0,5,0%,45.2
cfa level i exam 180 questions 2 hours 15 minutes per session,0,4,0%,6.25
cfa level 1 mocks free,0,4,0%,8.5
cfa level i exam format 180 questions two sessions 2 hours 15 minutes,0,4,0%,8.75
cfa level 1 2026 curriculum changes quantitative methods,0,4,0%,9.75
cfa level 1 2026 question bank,0,4,0%,13
cfa free mocks,0,4,0%,15.25
reddit cfa level 1 feb 2026,0,4,0%,16.5
best resources for passing cfa exam 2026,0,4,0%,17.25
ethics questions cfa level 1,0,4,0%,27.75
cfa level 1 ethics question bank,0,4,0%,28.5
cfa level 1 mock test online,0,4,0%,30.25
sample cfa questions level 1,0,4,0%,30.5
cfa mock level 1,0,4,0%,31.5
mock cfa level 1,0,4,0%,31.5
cfa level 1 quantitative methods questions,0,4,0%,33.25
cfa level 1 ethics,0,4,0%,33.5
cfa level 1 fixed income,0,4,0%,36
cfa fsa,0,4,0%,36.25
cfa mock test online,0,4,0%,37
example of cfa level 1 questions,0,4,0%,37.75
cfa level one mock questions,0,4,0%,39.75
financial statement analysis cfa level 1,0,4,0%,40.25
cfa mock questions level 1,0,4,0%,40.75
cfa practice tests,0,4,0%,42.75
cfa exam level 1 questions,0,4,0%,43.5
cfa exam questions level 1,0,4,0%,45.75
cfa level 1 question bank,0,4,0%,45.75
cfa level 1 society mock exam,0,4,0%,47.75
chartered financial analyst exam sample,0,4,0%,48
alternative investments cfa level 1,0,4,0%,48.5
cfa practice test level 1,0,4,0%,51
chartered financial analyst sample questions,0,4,0%,51.25
cfa practice test,0,4,0%,51.75
cfa sample exam questions,0,4,0%,53.25
free cfa level 1 study material,0,4,0%,56
how many questions on cfa level 1,0,4,0%,58
cfa level 1 exam,0,3,0%,3
best cfa level 1 study materials 2026,0,3,0%,6.67
cfa practice login,0,3,0%,7
cfa level 1 free mock,0,3,0%,8.67
cfa institute backtesting and simulation refresher reading 2026,0,3,0%,10.67
best free cfa level 1 resources 2026,0,3,0%,12
cfa level 1 free study materials 2026,0,3,0%,12
cfa level one mock exam,0,3,0%,23
cfa level 1 questions 2026,0,3,0%,26
cfa exam mock test,0,3,0%,26.33
cfa level 1 flash cards,0,3,0%,27
cfa mock paper,0,3,0%,27.33
cfa level 1 alternative investments questions,0,3,0%,28.67
cfa level 1 sample mock exam,0,3,0%,34
cfa level 1 2026,0,3,0%,38.33
examples of cfa level 1 questions,0,3,0%,39.33
cfa sample question,0,3,0%,40.33
cfa foundation exam answers,0,3,0%,42
cfa level 1 mock exam questions,0,3,0%,42
ethics in cfa level 1,0,3,0%,43.33
sample cfa exam level 1 questions,0,3,0%,44.67
mock test for cfa level 1,0,3,0%,45.33
financial reporting analysis cfa,0,3,0%,45.67
example cfa questions,0,3,0%,48
cfa sample test,0,3,0%,49.67
sample exam cfa level 1,0,3,0%,51.67
cfa test sample,0,3,0%,52.33
corporate issuers,0,3,0%,53.33
level one question,0,3,0%,59.33
sample cfa exam,0,3,0%,60.67
cfa level practice questions,0,3,0%,63.67
cfa exam example,0,3,0%,68.33
sample cfa level 3 questions,0,3,0%,95.67
cda-level1,0,2,0%,4
cfa level 1 topic weights 2026,0,2,0%,4
cfa exam preparation guide 2026,0,2,0%,5
best cfa level 1 prep providers 2026,0,2,0%,6.5
best cfa level 1 study plan 2026,0,2,0%,6.5
cfa level i exam 180 questions 4.5 hours two sessions,0,2,0%,7
cfa free question bank,0,2,0%,8
best cfa level 1 prep courses 2026,0,2,0%,9
cfa level 1 mock exams free,0,2,0%,9
cfa level 1 time value of money key concepts formulas 2025 or 2026,0,2,0%,10
"cfa level 1 time value of money key concepts formulas 2025 or 2026 
curriculum",0,2,0%,10
how to prepare for cfa exam 2025 2026 tips strategy,0,2,0%,10
cfa level i study tips 2026,0,2,0%,12
cfa level 1 exam topic weights 2025 2026,0,2,0%,12.5
best free cfa level 1 study resources 2026,0,2,0%,13
cfa exam refund policy,0,2,0%,13.5
how to prepare for cfa exam tips study plan 2026,0,2,0%,14
how many mock exams cfa level 1,0,2,0%,15.5
cfa level 1 flashcards free,0,2,0%,16
now lets do the derivatives section keeping everything under consideration,0,2,0%,17.5
cfa cancellation policy,0,2,0%,20
cfa l1 mock,0,2,0%,27.5
cfa level 1 study guides,0,2,0%,31.5
fsa cfa level 1,0,2,0%,37.5
fixed income cfa level 1,0,2,0%,38.5
cfa ethics level 1,0,2,0%,39
practice cfa questions,0,2,0%,39.5
cfa finance forward quiz 2026,0,2,0%,40
cfa level 1 practice exam free,0,2,0%,40
cfa level 1 mock free,0,2,0%,41
cfa test 1 sample questions,0,2,0%,41
mock cfa,0,2,0%,41
mock exams cfa,0,2,0%,41
cfa level 1 question bank pdf free,0,2,0%,41.5
sample questions for cfa level 1,0,2,0%,43.5
calculator for cfa level 1,0,2,0%,44.5
cfa level 1 free practice questions,0,2,0%,45
cfa level i sample questions,0,2,0%,45
cfa level 1 exam sample questions,0,2,0%,45.5
cfa level 1 exam example,0,2,0%,46
cfa l1 questions,0,2,0%,46.5
practice questions for cfa level 1,0,2,0%,47
cfa exam 1 questions,0,2,0%,47.5
free cfa questions,0,2,0%,47.5
practice cfa exam,0,2,0%,48.5
cfa exam questions example,0,2,0%,49.5
cfa level 1 fsa cheat sheet,0,2,0%,50
sample cfa exam questions,0,2,0%,51
cfa sample exam level 1,0,2,0%,52.5
cfa level 1 questions bank,0,2,0%,54
cfa level 1 mock test classes,0,2,0%,57
cfa mock tests,0,2,0%,57
analyst prep,0,2,0%,58
cfa-level-i exam questions,0,2,0%,59
how many questions is cfa level 1,0,2,0%,61
mock exam 1,0,2,0%,63
how many questions in cfa level 1 exam,0,2,0%,65
cfa practice questions free,0,2,0%,67.5
how many questions in cfa level 1,0,2,0%,69.5
cfa level 1 exam number of questions,0,2,0%,73.5
level 1 question,0,2,0%,82.5
cfa exam mock questions,0,2,0%,84
cfa level 1 topics weights 2026,0,1,0%,1
more questions,0,1,0%,2
cfa level 1 exam 2026,0,1,0%,3
cfa level 1 recommended study order 2026,0,1,0%,3
cfa level 1,0,1,0%,4
"evaluate the investment management education and certification company cfa 
institute on cfa exam prep",0,1,0%,4
banking and finance past papers,0,1,0%,5
cfa level 1 best study order 2026,0,1,0%,5
cfa level i exam 180 questions two sessions 2 hours 15 minutes each,0,1,0%,5
more,0,1,0%,5
cfa level 1 sample questions official,0,1,0%,6
corporate issuers cfa level 1 questions,0,1,0%,6
ethical and professional standards,0,1,0%,6
cfa level i exam format 180 questions two sessions 2026,0,1,0%,7
cfa study tips 2025 2026,0,1,0%,7
cfa level 1 quantitative methods learning modules 2026,0,1,0%,9
equity investments,0,1,0%,9
ethics cfa level 1 questions,0,1,0%,9
best cfa exam prep courses 2026,0,1,0%,10
best practices teaching derivatives 2026,0,1,0%,10
cfa level 1 derivatives questions,0,1,0%,10
cfa level 1 ethics sample questions,0,1,0%,10
cfa level i exam topic weights 2026,0,1,0%,10
free cfa level 1 question bank,0,1,0%,10
cfa level i exam format 2026,0,1,0%,11
"cfa level i topic areas ethical and professional standards quantitative 
methods economics financial statement analysis corporate issuers equity 
investments fixed income derivatives alternative investments portfolio 
management and wealth planning",0,1,0%,11
financial statement analysis,0,1,0%,11
fixed income,0,1,0%,11
cfa trainer,0,1,0%,12
free cfa level 1 study materials 2026,0,1,0%,12
highly recommended cfa study guides 2025 2026,0,1,0%,12
cfa mocks level 1,0,1,0%,13
cfa level 1 topics weights 2025 2026,0,1,0%,15
sample cfa level 1 exam,0,1,0%,16
best value cfa exam prep 2026,0,1,0%,17
cfa level i study plan 2026,0,1,0%,17
cfa level 1 cheat sheet 2026,0,1,0%,18
cfa l1 free mock,0,1,0%,19
cfa level 1 curriculum topics weights 2026,0,1,0%,20
cfa level 1 mock tests,0,1,0%,23
free cfa mocks,0,1,0%,24
cfa 1 mock,0,1,0%,26
cfa flash cards,0,1,0%,26
cfa l1 mock exam,0,1,0%,26
cfa level 1 anki deck 2026,0,1,0%,26
flashcards for cfa level 1,0,1,0%,26
cfa ethics practice questions,0,1,0%,27
quant cfa level 1,0,1,0%,27
quantitative methods cfa level 1 questions,0,1,0%,27
cfa level 1 study guide,0,1,0%,28
cfa institute mock exams,0,1,0%,29
cfa level one study guide,0,1,0%,29
cfa level 1 2026 study material,0,1,0%,30
cfa premium mocks,0,1,0%,30
cfa level 1 ethics questions and answers,0,1,0%,32
cfa level 1 quants questions,0,1,0%,33
cfa blog,0,1,0%,34
cfa level 1 readings list,0,1,0%,35
cfa level 1 guide,0,1,0%,36
cfa test example,0,1,0%,36
cfa level 1 ethics questions,0,1,0%,37
cfa l1 mocks,0,1,0%,38
cfa level 1 derivatives,0,1,0%,38
cfa level 1 questions and answers,0,1,0%,39
cfa level 1 sample exam questions,0,1,0%,39
cfa level 1 economics,0,1,0%,40
cfa level 1 economics question bank,0,1,0%,40
cfa level 1 portfolio management,0,1,0%,40
salt solutions cfa level 1 free mock,0,1,0%,41
cfa level 1 study material 2026,0,1,0%,42
free cfa mock exams,0,1,0%,42
level 1 cfa questions,0,1,0%,42
alternative investment cfa level 1,0,1,0%,43
cfa mock exam level 1 pdf,0,1,0%,43
cfa mock papers,0,1,0%,43
cfa level 1 financial statement analysis,0,1,0%,44
cfa level 1 sample question,0,1,0%,44
cfa level 1 syllabus 2026,0,1,0%,44
cfa mock questions,0,1,0%,44
cfa sample,0,1,0%,44
cfa sample level 1 questions,0,1,0%,44
cfa level 1 ethics cheat sheet,0,1,0%,45
cfa level 1 review questions,0,1,0%,45
cfa level one sample questions,0,1,0%,45
ethics cfa,0,1,0%,45
cfa level 1 practice question,0,1,0%,46
cfa mock exams and practice questions,0,1,0%,46
how many questions is the cfa level 1,0,1,0%,46
best cfa level 1 question bank,0,1,0%,47
cfa level 1 2026 weightage,0,1,0%,47
cfa question examples,0,1,0%,47
free cfa practice questions level 1,0,1,0%,47
questions cfa level 1,0,1,0%,47
sample cfa questions level 1 free,0,1,0%,47
best cfa level 1 practice exams,0,1,0%,48
cfa exam 1 sample questions,0,1,0%,48
cfai mocks level 1,0,1,0%,48
equity cfa level 1,0,1,0%,49
cfa sample test exam question,0,1,0%,50
is cfa level 1 all multiple choice,0,1,0%,50
cfa exam sample level 1,0,1,0%,52
financial statement analysis cfa,0,1,0%,54
cfa practice quiz,0,1,0%,57
cfa exam test questions,0,1,0%,59
mock exam cfa level 1 pdf,0,1,0%,60
cfa investment foundations mock exam,0,1,0%,61
cfa question paper,0,1,0%,62
question cfa,0,1,0%,64
number of questions cfa level 1,0,1,0%,65
how to access cfa mock exam,0,1,0%,66
level 1 questions examples,0,1,0%,67
how many questions are on the cfa level 1 exam,0,1,0%,68
cfa level 1 subjects 2026,0,1,0%,69
cfa mock exam pdf level 1,0,1,0%,69
cfa prep questions,0,1,0%,69
analyst forum cfa level 1,0,1,0%,78
cfa level 1 exam pattern 2026,0,1,0%,80
cfa-001 questions,0,1,0%,82
cfa level 1 exam how many questions,0,1,0%,83
cfa level 1economics,0,1,0%,86
cfa level 1 paper,0,1,0%,97